,genre,spotify_track_explicit,spotify_track_duration_ms,spotify_track_popularity,danceability,energy,key,loudness,mode,speechiness,acousticness,instrumentalness,liveness,valence,tempo,time_signature,week_pos,instance,weeks_on_chart
count,21281.0,21281.0,21281.0,21281.0,21281.0,21281.0,21281.0,21281.0,21281.0,21281.0,21281.0,21281.0,21281.0,21281.0,21281.0,21281.0,21281.0,21281.0,21281.0
mean,5.5644001691649825,0.08951647009069123,184249.48569146186,33.55279357173065,0.49711959024481783,0.5137444894976738,4.346835205112542,-7.2394866782576,0.6050937455946619,0.05951181805366288,0.24478505094309516,0.027663550317654356,0.1605522423758294,0.5031922841971719,99.63835444762923,3.262393684507307,83.48728913114985,1.0424792068041915,1.506038250082233
std,4.595846387887784,0.2854944863113296,102516.78615161318,25.132157208640827,0.2645421726690019,0.29531438372325114,3.7921008207749423,4.639144114901025,0.4888420335236574,0.07820630916446471,0.28031262261425294,0.1259536130898808,0.16332844086175013,0.31473709032309233,51.753768949633276,1.5044856748884439,15.60982317317196,0.22690285559321183,2.2667450630097736
min,0.0,0.0,0.0,0.0,0.0,0.0,0.0,-28.03,0.0,0.0,0.0,0.0,0.0,0.0,0.0,0.0,2.0,1.0,1.0
25%,1.0,0.0,147330.0,9.0,0.39,0.337,0.0,-10.493,0.0,0.0284,0.00857,0.0,0.0636,0.259,84.427,4.0,77.0,1.0,1.0
50%,3.0,0.0,201106.0,35.0,0.565,0.573,4.0,-7.267,1.0,0.0364,0.116,0.0,0.112,0.5479999999999999,111.056,4.0,87.0,1.0,1.0
75%,9.0,0.0,244866.0,55.0,0.684,0.747,8.0,-4.33,1.0,0.0576,0.429,0.00019,0.214,0.7709999999999999,131.166,4.0,95.0,1.0,1.0
max,14.0,1.0,1561133.0,100.0,0.988,0.997,11.0,2.291,1.0,0.951,0.991,0.982,0.999,0.991,233.429,5.0,100.0,5.0,44.0
